region_code;region_name;food_basket_month;period;source
RU;Россия (среднее);8159;июль 2026;Росстат, по данным ТАСС и «Руспродсоюза»
77;Москва;9697.6;июль 2026;Росстат, по данным ТАСС и «Руспродсоюза»
78;Санкт-Петербург;9564.8;июль 2026;Росстат, по данным ТАСС и «Руспродсоюза»
50;Московская область;8858;июль 2026;Росстат, по данным ТАСС и «Руспродсоюза»
47;Ленинградская область;9191.4;июль 2026;Росстат, по данным ТАСС и «Руспродсоюза»
39;Калининградская область;9753;июль 2026;Росстат, по данным ТАСС и «Руспродсоюза»
16;Республика Татарстан;7305.7;июль 2026;Росстат, по данным ТАСС и «Руспродсоюза»
55;Омская область;7273.3;июль 2026;Росстат, по данным ТАСС и «Руспродсоюза»
64;Саратовская область;6800.2;июль 2026;Росстат, по данным ТАСС и «Руспродсоюза»
13;Республика Мордовия;6591.1;июль 2026;Росстат, по данным ТАСС и «Руспродсоюза»
27;Хабаровский край;10436;июль 2026;Росстат, по данным ТАСС и «Руспродсоюза»
41;Камчатский край;13451.3;июль 2026;Росстат, по данным ТАСС и «Руспродсоюза»
87;Чукотский автономный округ;21085.9;июль 2026;Росстат, по данным ТАСС и «Руспродсоюза»
24;Красноярский край;9733.2;июль 2026;Росстат, по данным НГС
54;Новосибирская область;8276.3;июль 2026;Росстат, по данным НГС
22;Алтайский край;8159.9;июль 2026;Росстат, по данным НГС
