date,description,amount,category
2026-07-27,Перевод от родителей,3000,Перевод
2026-07-27,Продукты в супермаркете,-365,Продукты
2026-07-30,Шаурма у общаги,-190,Кафе и доставка
2026-07-31,Продукты в супермаркете,-640,Продукты
2026-08-01,"Хлеб, молоко, яйца",-560,Продукты
2026-08-01,Квест,-350,Развлечения
2026-08-03,Проезд на автобусе,-38,Транспорт
2026-08-03,Музыкальная подписка,-199,Подписки
2026-08-05,Продукты на неделю,-240,Продукты
2026-08-05,Мобильная связь,-450,Связь
2026-08-08,Такси до вокзала,-420,Такси
2026-08-10,Перевод от родителей,4000,Перевод
2026-08-10,Онлайн-кинотеатр,-299,Подписки
2026-08-11,Магазин у дома,-240,Продукты
2026-08-14,Подработка: раздача листовок,2400,Подработка
2026-08-14,Продукты на неделю,-560,Продукты
2026-08-15,Продукты в супермаркете,-310,Продукты
2026-08-16,Концерт,-800,Развлечения
2026-08-19,Продукты в супермаркете,-640,Продукты
2026-08-20,Футболка,-790,Одежда
2026-08-22,"Хлеб, молоко, яйца",-640,Продукты
2026-08-22,Проезд на автобусе,-38,Транспорт
2026-08-23,Продукты в супермаркете,-240,Продукты
2026-08-23,Бургерная с одногруппниками,-190,Кафе и доставка
2026-08-23,Кино,-1100,Развлечения
2026-08-24,"Хлеб, молоко, яйца",-480,Продукты
2026-08-24,Кофе с собой,-590,Кафе и доставка
2026-08-25,Стипендия,5000,Стипендия
2026-08-26,"Хлеб, молоко, яйца",-240,Продукты
2026-08-26,Проезд на автобусе,-38,Транспорт
2026-08-27,"Хлеб, молоко, яйца",-720,Продукты
2026-08-28,Шаурма у общаги,-190,Кафе и доставка
2026-08-28,Аптека,-380,Здоровье
2026-08-29,"Хлеб, молоко, яйца",-480,Продукты
2026-08-29,Концерт,-600,Развлечения
2026-08-30,Подработка: курьер,2500,Подработка
2026-08-31,Проезд на автобусе,-38,Транспорт
2026-09-01,Перевод от родителей,3000,Перевод
2026-09-01,Бургерная с одногруппниками,-380,Кафе и доставка
2026-09-01,Проезд на автобусе,-76,Транспорт
2026-09-02,Шаурма у общаги,-450,Кафе и доставка
2026-09-02,Проезд на автобусе,-76,Транспорт
2026-09-02,Тетради и ручки,-420,Учёба
2026-09-03,Магазин у дома,-190,Продукты
2026-09-03,Проезд на автобусе,-76,Транспорт
2026-09-03,Музыкальная подписка,-199,Подписки
2026-09-04,Обед в столовой,-590,Кафе и доставка
2026-09-04,Проезд на автобусе,-76,Транспорт
2026-09-05,Бильярд,-450,Развлечения
2026-09-05,Мобильная связь,-450,Связь
2026-09-06,Обед в столовой,-220,Кафе и доставка
2026-09-06,Такси после вечеринки,-510,Такси
2026-09-07,"Хлеб, молоко, яйца",-560,Продукты
2026-09-07,Шаурма у общаги,-450,Кафе и доставка
2026-09-07,Проезд на автобусе,-76,Транспорт
2026-09-07,"Кроссовки, распродажа",-2490,Одежда
2026-09-08,"Хлеб, молоко, яйца",-310,Продукты
2026-09-08,Доставка пиццы,-450,Кафе и доставка
2026-09-08,Проезд на автобусе,-76,Транспорт
2026-09-09,Магазин у дома,-480,Продукты
2026-09-09,Доставка пиццы,-190,Кафе и доставка
2026-09-09,Проезд на автобусе,-76,Транспорт
2026-09-09,Печать курсовой,-180,Учёба
2026-09-10,Кофе с собой,-190,Кафе и доставка
2026-09-10,Проезд на автобусе,-76,Транспорт
2026-09-10,Онлайн-кинотеатр,-299,Подписки
2026-09-11,Шаурма у общаги,-590,Кафе и доставка
2026-09-11,Проезд на автобусе,-76,Транспорт
2026-09-12,Подработка: промоакция,2000,Подработка
2026-09-12,Обед в столовой,-160,Кафе и доставка
2026-09-12,Боулинг с друзьями,-600,Развлечения
2026-09-14,"Хлеб, молоко, яйца",-720,Продукты
2026-09-14,Проезд на автобусе,-76,Транспорт
2026-09-15,Перевод от родителей,4000,Перевод
2026-09-15,Проезд на автобусе,-76,Транспорт
2026-09-16,Проезд на автобусе,-76,Транспорт
2026-09-16,Учебник по матанализу,-690,Учёба
2026-09-17,"Хлеб, молоко, яйца",-240,Продукты
2026-09-17,Проезд на автобусе,-76,Транспорт
2026-09-18,Продукты в супермаркете,-480,Продукты
2026-09-18,Проезд на автобусе,-76,Транспорт
2026-09-19,Продукты в супермаркете,-720,Продукты
2026-09-19,Бургерная с одногруппниками,-190,Кафе и доставка
2026-09-19,Квест,-450,Развлечения
2026-09-19,Подарок другу,-900,Другое
2026-09-20,Продукты в супермаркете,-190,Продукты
2026-09-20,Кофе с собой,-450,Кафе и доставка
2026-09-20,"Такси, опаздывал на пару",-290,Такси
2026-09-21,Магазин у дома,-190,Продукты
2026-09-21,Шаурма у общаги,-380,Кафе и доставка
2026-09-21,Проезд на автобусе,-76,Транспорт
2026-09-22,Продукты на неделю,-190,Продукты
2026-09-22,Проезд на автобусе,-76,Транспорт
2026-09-23,Магазин у дома,-640,Продукты
2026-09-23,Шаурма у общаги,-380,Кафе и доставка
2026-09-23,Проезд на автобусе,-76,Транспорт
2026-09-24,Проезд на автобусе,-76,Транспорт
2026-09-25,Стипендия,5000,Стипендия
2026-09-25,Кофе с собой,-160,Кафе и доставка
2026-09-25,Проезд на автобусе,-76,Транспорт
2026-09-26,Шаурма у общаги,-310,Кафе и доставка
